94303,Palo Alto,2509 Unteaching Bend,
94602,Oakland,23 Spathous Spring,PO Box 58
94063,Redwood City,597 Nonactinic Fork,Apt 5
94135,San Francisco,85 Intraphilosophic Lane,PO Box 37
94301,Palo Alto,17 Calvous Haven,PO Box 9
94030,Millbrae,548 Bovicide Divide,PO Box 18
94619,Oakland,6011 Diapensia Dale,
94306,Palo Alto,81 Turriferous Expressway,
94542,Hayward,3047 Subterrestrial Highway,
94101,San Francisco,70 Auspicial Extension,Apt 199
94171,San Francisco,607 Dapedius Mall,
94702,Berkeley,264 Isogamous Pike,Apt 991
94106,San Francisco,9278 Inelegant Pass,PO Box 22
94155,San Francisco,90 Penguinery Stravenues,Apt 4
94016,Daly City,41 Hank Isle,PO Box 412
94552,Castro Valley,3429 Geochemist Fort,
94542,Hayward,8976 Restant Island,PO Box 66
94403,San Mateo,80 Rehoe Knolls,
94019,Half Moon Bay,383 Porphyrogenitic Turnpike,PO Box 78
94106,San Francisco,770 Ultraspartan Forks,
94080,South San Francisco,30 Corporateness Bottom,PO Box 37
94171,San Francisco,432 Mainpin Plain,
94118,San Francisco,7683 Unpuffing Club,
94540,Hayward,4121 Erythrocytoschisis Pass,
94309,Palo Alto,88 Monomya Freeway,PO Box 735
94602,Oakland,409 Kikuyu Plain,Apt 5
94129,San Francisco,654 Hydromancer Hollow,Apt 40
94720,Berkeley,67 Hirudinidae Glen,
94555,Fremont,4411 Shamir Radial,
94133,San Francisco,8775 Untonality Bottom,PO Box 49
94114,San Francisco,62 Ethiopian Park,
94065,Redwood Shores,8067 Sorrowfully Mill,Apt 5
94160,San Francisco,2962 Predamnation Lane,
94146,San Francisco,63 Federally Light,
94147,San Francisco,632 Cootie Extension,
94615,Oakland,338 Exradius Fields,Apt 556
94660,Oakland,822 Lachrymosely Bottom,PO Box 68
94560,Newark,5746 Meadsman Fall,PO Box 588
94611,Oakland,2545 Violably Green,
94302,Palo Alto,64 Syntaxist Fields,
94624,Oakland,824 Abstinency Arcade,PO Box 0
94625,Oakland,4687 Sinkhole Trailer,
94017,Daly City,75 Gothicizer Summit,PO Box 206
94164,San Francisco,968 Beaverteen Fall,Apt 1
94125,San Francisco,5158 Oblivial Dam,
94555,Fremont,4104 Everybody Mill,PO Box 6
94061,Redwood City,193 Ajaja Camp,
94587,Union City,580 Benzoglycolic Street,
94540,Hayward,1936 Trogonidae Loop,Apt 2
94015,Daly City,68 Succinctly Shoal,Apt 16
94621,Oakland,42 Carene Canyon,Apt 564
94132,San Francisco,6114 Infirmarer Drive,PO Box 17
94404,Foster City,568 Tarkeean Pike,Apt 987
94061,Redwood City,13 Unsustainable Court,
94080,South San Francisco,9677 Contrawise Bottom,
94118,San Francisco,223 Castor Trace,Apt 637
94136,San Francisco,739 Wreathwise Bridge,
94143,San Francisco,235 Reheat Creek,PO Box 94
94402,San Mateo,17 Breastful Wells,Apt 5
94555,Fremont,202 Subhyaloid Green,
94136,San Francisco,6756 Testimonialist Station,Apt 7
94607,Oakland,96 Semicretinism Canyon,
94606,Oakland,460 Outshape Point,PO Box 382
94083,South San Francisco,833 Taximeter Lake,
94162,San Francisco,622 Pleurodont Shoals,
94112,San Francisco,70 Jellylike Summit,
94557,Hayward,30 Butty Forge,
94011,Burlingame,275 Grazier Extension,
94309,Palo Alto,8404 Vampirish Stream,
94104,San Francisco,6996 Becoming Branch,Apt 8
94613,Oakland,4041 Invalescence Cove,
94649,Oakland,13 Megatypy Beach,
94115,San Francisco,7490 Bartender Crossing,
94606,Oakland,39 Unrecited Pass,PO Box 039
94018,El Granada,1987 Trachinidae Hills,
94544,Hayward,113 Rover Lake,
94017,Daly City,450 Ephraimitish Landing,PO Box 4
94618,Oakland,391 Precarium Boulevard,
94601,Oakland,168 Oligoclasite Point,Apt 18
94578,San Leandro,5166 Phenarsine Junction,
94545,Hayward,4632 Mendelyeevite Trail,
94580,San Lorenzo,135 Zirconyl Island,
94618,Oakland,3371 Undisguise Burg,
94131,San Francisco,17 Unmourning Fields,Apt 711
94301,Palo Alto,45 Mogador Stravenues,
94156,San Francisco,17 Saltishness Road,Apt 5
94140,San Francisco,592 Suspensory Isle,
94155,San Francisco,37 Glair Terrace,PO Box 353
94620,Piedmont,449 Numbingly Bend,Apt 63
94102,San Francisco,81 Penny Branch,PO Box 33
94301,Palo Alto,73 Dermatome Estates,
94577,San Leandro,301 Wolf Road,
94301,Palo Alto,310 Ichthyocol Landing,
94116,San Francisco,35 Lucy Union,
94704,Berkeley,71 Inedibility Mission,Apt 38
94497,San Mateo,856 Subclinical Fork,PO Box 5
94159,San Francisco,176 Araceae Shore,Apt 02
94536,Fremont,33 Superstoical Trace,
94623,Oakland,11 Unshut Loaf,PO Box 8
94606,Oakland,945 Vinolent Trail,Apt 71
