1,1,2014-09-06 22:34:31,129,"Curabitur at ipsum ac tellus semper interdum. Mauris ullamcorper purus sit amet nulla. Quisque arcu libero, rutrum ac, lobortis vel, dapibus at, diam."
4,2,2014-12-10 16:43:39,108,"Cras mi pede, malesuada in, imperdiet et, commodo vulputate, justo. In blandit ultrices enim. Lorem ipsum dolor sit amet, consectetuer adipiscing elit."
3,3,2015-05-20 07:34:55,68,"In hac habitasse platea dictumst. Morbi vestibulum, velit id pretium iaculis, diam erat fermentum justo, nec condimentum neque sapien placerat ante. Nulla justo."
2,4,2015-08-04 20:55:47,124,In quis justo. Maecenas rhoncus aliquam lacus. Morbi quis tortor id nulla ultrices aliquet.
4,5,2015-03-14 07:46:25,85,Duis bibendum. Morbi non quam nec dui luctus rutrum. Nulla tellus.
1,6,2014-10-22 23:27:05,196,Phasellus sit amet erat. Nulla tempus. Vivamus in felis eu sapien cursus vestibulum.
1,7,2015-06-12 21:09:21,59,Aliquam quis turpis eget elit sodales scelerisque. Mauris sit amet eros. Suspendisse accumsan tortor quis turpis.
1,8,2014-11-08 06:05:30,138,"In sagittis dui vel nisl. Duis ac nibh. Fusce lacus purus, aliquet at, feugiat non, pretium quis, lectus."
4,9,2015-06-17 14:13:37,200,"Quisque id justo sit amet sapien dignissim vestibulum. Vestibulum ante ipsum primis in faucibus orci luctus et ultrices posuere cubilia Curae; Nulla dapibus dolor vel est. Donec odio justo, sollicitudin ut, suscipit a, feugiat et, eros."
2,10,2014-10-30 23:58:18,37,In hac habitasse platea dictumst. Etiam faucibus cursus urna. Ut tellus.
2,11,2014-10-04 13:47:31,74,"Maecenas leo odio, condimentum id, luctus nec, molestie sed, justo. Pellentesque viverra pede ac diam. Cras pellentesque volutpat dui."
3,12,2015-06-13 04:20:25,110,Nullam porttitor lacus at turpis. Donec posuere metus vitae ipsum. Aliquam non mauris.
2,13,2014-10-14 01:09:23,47,In congue. Etiam justo. Etiam pretium iaculis justo.
4,14,2015-02-20 03:45:11,182,Etiam vel augue. Vestibulum rutrum rutrum neque. Aenean auctor gravida sem.
4,15,2015-06-13 07:09:26,101,"Morbi porttitor lorem id ligula. Suspendisse ornare consequat lectus. In est risus, auctor sed, tristique in, tempus sit amet, sem."
4,16,2015-01-08 08:27:54,132,"Morbi porttitor lorem id ligula. Suspendisse ornare consequat lectus. In est risus, auctor sed, tristique in, tempus sit amet, sem."
3,17,2015-03-01 17:23:03,171,"Sed sagittis. Nam congue, risus semper porta volutpat, quam pede lobortis ligula, sit amet eleifend pede libero quis orci. Nullam molestie nibh in lectus."
4,18,2015-08-03 08:50:19,195,Duis aliquam convallis nunc. Proin at turpis a pede posuere nonummy. Integer non velit.
4,19,2015-03-12 03:06:24,98,"Curabitur in libero ut massa volutpat convallis. Morbi odio odio, elementum eu, interdum eu, tincidunt in, leo. Maecenas pulvinar lobortis est."
3,20,2015-08-15 21:26:24,69,"Curabitur gravida nisi at nibh. In hac habitasse platea dictumst. Aliquam augue quam, sollicitudin vitae, consectetuer eget, rutrum at, lorem."
4,21,2015-04-03 11:33:20,127,"Fusce posuere felis sed lacus. Morbi sem mauris, laoreet ut, rhoncus aliquet, pulvinar sed, nisl. Nunc rhoncus dui vel sem."
3,22,2015-03-13 16:30:50,193,In hac habitasse platea dictumst. Etiam faucibus cursus urna. Ut tellus.
3,23,2014-11-06 22:42:37,190,"Vestibulum quam sapien, varius ut, blandit non, interdum in, ante. Vestibulum ante ipsum primis in faucibus orci luctus et ultrices posuere cubilia Curae; Duis faucibus accumsan odio. Curabitur convallis."
4,24,2014-12-02 06:18:11,199,Aenean lectus. Pellentesque eget nunc. Donec quis orci eget orci vehicula condimentum.
4,25,2015-03-25 21:17:44,49,"Curabitur at ipsum ac tellus semper interdum. Mauris ullamcorper purus sit amet nulla. Quisque arcu libero, rutrum ac, lobortis vel, dapibus at, diam."
4,26,2014-12-14 21:42:30,175,"Vestibulum ac est lacinia nisi venenatis tristique. Fusce congue, diam id ornare imperdiet, sapien urna pretium nisl, ut volutpat sapien arcu sed augue. Aliquam erat volutpat."
4,27,2015-06-16 22:29:16,135,"In hac habitasse platea dictumst. Morbi vestibulum, velit id pretium iaculis, diam erat fermentum justo, nec condimentum neque sapien placerat ante. Nulla justo."
3,28,2014-11-01 12:57:17,31,"Quisque porta volutpat erat. Quisque erat eros, viverra eget, congue eget, semper rutrum, nulla. Nunc purus."
4,29,2015-06-27 12:56:40,170,"Vestibulum quam sapien, varius ut, blandit non, interdum in, ante. Vestibulum ante ipsum primis in faucibus orci luctus et ultrices posuere cubilia Curae; Duis faucibus accumsan odio. Curabitur convallis."
4,30,2015-02-02 20:24:15,78,"Maecenas tristique, est et tempus semper, est quam pharetra magna, ac consequat metus sapien ut nunc. Vestibulum ante ipsum primis in faucibus orci luctus et ultrices posuere cubilia Curae; Mauris viverra diam vitae quam. Suspendisse potenti."
4,31,2014-10-06 09:37:30,187,"Curabitur gravida nisi at nibh. In hac habitasse platea dictumst. Aliquam augue quam, sollicitudin vitae, consectetuer eget, rutrum at, lorem."
1,32,2015-04-25 04:44:32,179,Cras non velit nec nisi vulputate nonummy. Maecenas tincidunt lacus at velit. Vivamus vel nulla eget eros elementum pellentesque.
2,33,2015-02-03 02:25:34,81,"Cum sociis natoque penatibus et magnis dis parturient montes, nascetur ridiculus mus. Vivamus vestibulum sagittis sapien. Cum sociis natoque penatibus et magnis dis parturient montes, nascetur ridiculus mus."
3,34,2015-01-02 08:23:58,186,"Curabitur at ipsum ac tellus semper interdum. Mauris ullamcorper purus sit amet nulla. Quisque arcu libero, rutrum ac, lobortis vel, dapibus at, diam."
3,35,2015-08-02 10:39:26,187,"In sagittis dui vel nisl. Duis ac nibh. Fusce lacus purus, aliquet at, feugiat non, pretium quis, lectus."
2,36,2014-10-13 22:07:27,37,Nulla ut erat id mauris vulputate elementum. Nullam varius. Nulla facilisi.
3,37,2015-03-02 21:53:41,47,"Donec diam neque, vestibulum eget, vulputate ut, ultrices vel, augue. Vestibulum ante ipsum primis in faucibus orci luctus et ultrices posuere cubilia Curae; Donec pharetra, magna vestibulum aliquet ultrices, erat tortor sollicitudin mi, sit amet lobortis sapien sapien non mi. Integer ac neque."
2,38,2015-04-28 01:08:40,93,"Proin interdum mauris non ligula pellentesque ultrices. Phasellus id sapien in sapien iaculis congue. Vivamus metus arcu, adipiscing molestie, hendrerit at, vulputate vitae, nisl."
4,39,2014-12-26 23:14:40,83,In hac habitasse platea dictumst. Etiam faucibus cursus urna. Ut tellus.
4,40,2015-04-04 02:38:55,105,"Quisque porta volutpat erat. Quisque erat eros, viverra eget, congue eget, semper rutrum, nulla. Nunc purus."
3,41,2014-11-17 18:59:43,110,Nullam porttitor lacus at turpis. Donec posuere metus vitae ipsum. Aliquam non mauris.
1,42,2015-05-30 04:30:10,112,Integer ac leo. Pellentesque ultrices mattis odio. Donec vitae nisi.
3,43,2014-12-11 05:25:26,176,In hac habitasse platea dictumst. Etiam faucibus cursus urna. Ut tellus.
3,44,2015-03-18 03:40:03,185,In quis justo. Maecenas rhoncus aliquam lacus. Morbi quis tortor id nulla ultrices aliquet.
4,45,2014-09-30 21:14:00,183,Cras non velit nec nisi vulputate nonummy. Maecenas tincidunt lacus at velit. Vivamus vel nulla eget eros elementum pellentesque.
4,46,2014-09-06 07:00:04,117,"Curabitur in libero ut massa volutpat convallis. Morbi odio odio, elementum eu, interdum eu, tincidunt in, leo. Maecenas pulvinar lobortis est."
4,47,2015-08-24 06:12:31,188,"Curabitur gravida nisi at nibh. In hac habitasse platea dictumst. Aliquam augue quam, sollicitudin vitae, consectetuer eget, rutrum at, lorem."
1,48,2015-01-09 11:01:05,189,"Aenean fermentum. Donec ut mauris eget massa tempor convallis. Nulla neque libero, convallis eget, eleifend luctus, ultricies eu, nibh."
3,49,2014-09-28 08:04:38,103,"Vestibulum quam sapien, varius ut, blandit non, interdum in, ante. Vestibulum ante ipsum primis in faucibus orci luctus et ultrices posuere cubilia Curae; Duis faucibus accumsan odio. Curabitur convallis."
3,50,2015-08-02 03:59:48,66,"Proin leo odio, porttitor id, consequat in, consequat ut, nulla. Sed accumsan felis. Ut at dolor quis odio consequat varius."
1,51,2015-03-26 06:35:46,80,Cras non velit nec nisi vulputate nonummy. Maecenas tincidunt lacus at velit. Vivamus vel nulla eget eros elementum pellentesque.
3,52,2015-01-23 03:40:11,150,"Quisque porta volutpat erat. Quisque erat eros, viverra eget, congue eget, semper rutrum, nulla. Nunc purus."
4,53,2014-11-10 06:50:04,52,"Curabitur gravida nisi at nibh. In hac habitasse platea dictumst. Aliquam augue quam, sollicitudin vitae, consectetuer eget, rutrum at, lorem."
4,54,2014-10-21 15:40:16,186,Phasellus in felis. Donec semper sapien a libero. Nam dui.
3,55,2014-11-16 15:20:09,108,Sed ante. Vivamus tortor. Duis mattis egestas metus.
4,56,2015-08-15 10:35:24,156,"Maecenas tristique, est et tempus semper, est quam pharetra magna, ac consequat metus sapien ut nunc. Vestibulum ante ipsum primis in faucibus orci luctus et ultrices posuere cubilia Curae; Mauris viverra diam vitae quam. Suspendisse potenti."
3,57,2015-02-22 21:54:20,106,Phasellus sit amet erat. Nulla tempus. Vivamus in felis eu sapien cursus vestibulum.
3,58,2015-02-04 20:12:35,83,"Morbi porttitor lorem id ligula. Suspendisse ornare consequat lectus. In est risus, auctor sed, tristique in, tempus sit amet, sem."
4,59,2014-09-07 00:51:59,190,"Quisque porta volutpat erat. Quisque erat eros, viverra eget, congue eget, semper rutrum, nulla. Nunc purus."
4,60,2015-02-15 15:41:51,115,"In sagittis dui vel nisl. Duis ac nibh. Fusce lacus purus, aliquet at, feugiat non, pretium quis, lectus."
4,61,2014-09-24 00:48:35,168,"Proin interdum mauris non ligula pellentesque ultrices. Phasellus id sapien in sapien iaculis congue. Vivamus metus arcu, adipiscing molestie, hendrerit at, vulputate vitae, nisl."
3,62,2014-11-01 23:06:57,135,"In sagittis dui vel nisl. Duis ac nibh. Fusce lacus purus, aliquet at, feugiat non, pretium quis, lectus."
2,63,2015-05-25 08:05:03,43,Nullam sit amet turpis elementum ligula vehicula consequat. Morbi a ipsum. Integer a nibh.
3,64,2015-07-10 23:36:42,70,Duis consequat dui nec nisi volutpat eleifend. Donec ut dolor. Morbi vel lectus in quam fringilla rhoncus.
4,65,2015-05-05 08:56:47,75,"Duis bibendum, felis sed interdum venenatis, turpis enim blandit mi, in porttitor pede justo eu massa. Donec dapibus. Duis at velit eu est congue elementum."
2,66,2015-02-23 22:24:08,91,Suspendisse potenti. In eleifend quam a odio. In hac habitasse platea dictumst.
4,67,2015-01-20 02:00:37,145,Etiam vel augue. Vestibulum rutrum rutrum neque. Aenean auctor gravida sem.
4,68,2015-01-11 17:08:07,138,"In sagittis dui vel nisl. Duis ac nibh. Fusce lacus purus, aliquet at, feugiat non, pretium quis, lectus."
3,69,2014-09-21 17:39:34,127,"Praesent blandit. Nam nulla. Integer pede justo, lacinia eget, tincidunt eget, tempus vel, pede."
4,70,2015-05-23 07:03:14,43,"Vestibulum ac est lacinia nisi venenatis tristique. Fusce congue, diam id ornare imperdiet, sapien urna pretium nisl, ut volutpat sapien arcu sed augue. Aliquam erat volutpat."
1,71,2014-12-27 10:20:41,121,"Proin eu mi. Nulla ac enim. In tempor, turpis nec euismod scelerisque, quam turpis adipiscing lorem, vitae mattis nibh ligula nec sem."
1,72,2014-11-30 19:08:47,43,"Vestibulum quam sapien, varius ut, blandit non, interdum in, ante. Vestibulum ante ipsum primis in faucibus orci luctus et ultrices posuere cubilia Curae; Duis faucibus accumsan odio. Curabitur convallis."
2,73,2015-04-25 11:59:09,92,"Vestibulum quam sapien, varius ut, blandit non, interdum in, ante. Vestibulum ante ipsum primis in faucibus orci luctus et ultrices posuere cubilia Curae; Duis faucibus accumsan odio. Curabitur convallis."
4,74,2015-07-22 23:34:30,169,"Duis bibendum, felis sed interdum venenatis, turpis enim blandit mi, in porttitor pede justo eu massa. Donec dapibus. Duis at velit eu est congue elementum."
4,75,2015-01-08 08:36:56,45,Integer tincidunt ante vel ipsum. Praesent blandit lacinia erat. Vestibulum sed magna at nunc commodo placerat.
1,76,2015-08-18 02:47:13,101,"Curabitur at ipsum ac tellus semper interdum. Mauris ullamcorper purus sit amet nulla. Quisque arcu libero, rutrum ac, lobortis vel, dapibus at, diam."
4,77,2014-11-19 15:35:59,167,"Vestibulum quam sapien, varius ut, blandit non, interdum in, ante. Vestibulum ante ipsum primis in faucibus orci luctus et ultrices posuere cubilia Curae; Duis faucibus accumsan odio. Curabitur convallis."
4,78,2014-11-08 06:46:50,36,"Maecenas leo odio, condimentum id, luctus nec, molestie sed, justo. Pellentesque viverra pede ac diam. Cras pellentesque volutpat dui."
1,79,2014-10-08 19:39:48,36,"In sagittis dui vel nisl. Duis ac nibh. Fusce lacus purus, aliquet at, feugiat non, pretium quis, lectus."
2,80,2015-03-14 06:04:03,196,"Morbi non lectus. Aliquam sit amet diam in magna bibendum imperdiet. Nullam orci pede, venenatis non, sodales sed, tincidunt eu, felis."
3,81,2014-11-02 03:31:12,133,"Donec diam neque, vestibulum eget, vulputate ut, ultrices vel, augue. Vestibulum ante ipsum primis in faucibus orci luctus et ultrices posuere cubilia Curae; Donec pharetra, magna vestibulum aliquet ultrices, erat tortor sollicitudin mi, sit amet lobortis sapien sapien non mi. Integer ac neque."
4,82,2015-04-18 20:32:26,197,"In hac habitasse platea dictumst. Morbi vestibulum, velit id pretium iaculis, diam erat fermentum justo, nec condimentum neque sapien placerat ante. Nulla justo."
2,83,2014-10-01 08:59:15,95,"Vestibulum ac est lacinia nisi venenatis tristique. Fusce congue, diam id ornare imperdiet, sapien urna pretium nisl, ut volutpat sapien arcu sed augue. Aliquam erat volutpat."
4,84,2015-02-15 18:47:16,128,"Proin leo odio, porttitor id, consequat in, consequat ut, nulla. Sed accumsan felis. Ut at dolor quis odio consequat varius."
3,85,2015-08-06 02:52:23,177,"Curabitur in libero ut massa volutpat convallis. Morbi odio odio, elementum eu, interdum eu, tincidunt in, leo. Maecenas pulvinar lobortis est."
4,86,2015-05-11 22:54:29,73,"Sed sagittis. Nam congue, risus semper porta volutpat, quam pede lobortis ligula, sit amet eleifend pede libero quis orci. Nullam molestie nibh in lectus."
1,87,2014-11-24 05:10:09,168,"In sagittis dui vel nisl. Duis ac nibh. Fusce lacus purus, aliquet at, feugiat non, pretium quis, lectus."
3,88,2015-06-30 11:15:28,90,Pellentesque at nulla. Suspendisse potenti. Cras in purus eu magna vulputate luctus.
2,89,2015-05-30 06:07:03,124,Maecenas ut massa quis augue luctus tincidunt. Nulla mollis molestie lorem. Quisque ut erat.
4,90,2015-06-18 13:30:27,140,"Maecenas leo odio, condimentum id, luctus nec, molestie sed, justo. Pellentesque viverra pede ac diam. Cras pellentesque volutpat dui."
4,91,2015-06-17 08:08:40,93,"Proin leo odio, porttitor id, consequat in, consequat ut, nulla. Sed accumsan felis. Ut at dolor quis odio consequat varius."
3,92,2014-11-30 13:12:13,186,"Praesent blandit. Nam nulla. Integer pede justo, lacinia eget, tincidunt eget, tempus vel, pede."
4,93,2015-04-30 05:40:05,130,"Quisque porta volutpat erat. Quisque erat eros, viverra eget, congue eget, semper rutrum, nulla. Nunc purus."
3,94,2014-10-21 18:36:32,121,"Aenean fermentum. Donec ut mauris eget massa tempor convallis. Nulla neque libero, convallis eget, eleifend luctus, ultricies eu, nibh."
3,95,2014-12-23 06:42:33,69,"Vestibulum quam sapien, varius ut, blandit non, interdum in, ante. Vestibulum ante ipsum primis in faucibus orci luctus et ultrices posuere cubilia Curae; Duis faucibus accumsan odio. Curabitur convallis."
4,96,2014-09-24 03:04:25,43,"Mauris enim leo, rhoncus sed, vestibulum sit amet, cursus id, turpis. Integer aliquet, massa id lobortis convallis, tortor risus dapibus augue, vel accumsan tellus nisi eu orci. Mauris lacinia sapien quis libero."
4,97,2014-09-30 18:24:42,131,"Proin leo odio, porttitor id, consequat in, consequat ut, nulla. Sed accumsan felis. Ut at dolor quis odio consequat varius."
4,98,2014-11-11 03:38:08,97,"Quisque porta volutpat erat. Quisque erat eros, viverra eget, congue eget, semper rutrum, nulla. Nunc purus."
3,99,2015-07-23 23:57:26,166,"Curabitur in libero ut massa volutpat convallis. Morbi odio odio, elementum eu, interdum eu, tincidunt in, leo. Maecenas pulvinar lobortis est."
1,100,2015-03-04 21:39:54,106,Aliquam quis turpis eget elit sodales scelerisque. Mauris sit amet eros. Suspendisse accumsan tortor quis turpis.
